{
  "dataset": "gen2",
  "train_chunks": 835,
  "val_chunks": 75,
  "final_train_loss": 6.826316833496094,
  "final_val_loss": 7.869258504164846,
  "final_val_perplexity": 2615.63,
  "train_losses": [
    11.015822410583496,
    10.332221031188965,
    9.829386711120605,
    9.58806037902832,
    9.54016399383545,
    9.301217079162598,
    9.075729370117188,
    8.887578964233398,
    8.87829875946045,
    9.037374496459961,
    8.441417694091797,
    8.331750869750977,
    8.513589859008789,
    8.483887672424316,
    8.221674919128418,
    8.113640785217285,
    8.037749290466309,
    8.382586479187012,
    8.325109481811523,
    8.202911376953125,
    8.132434844970703,
    8.218887329101562,
    7.7743144035339355,
    8.334867477416992,
    7.926136016845703,
    7.807372570037842,
    7.577005863189697,
    8.09777545928955,
    8.010663986206055,
    8.160146713256836,
    7.938405990600586,
    8.3325777053833,
    10.88232135772705,
    10.666990280151367,
    8.06509780883789,
    7.685324192047119,
    8.304519653320312,
    7.918761730194092,
    7.462031841278076,
    7.940670013427734,
    7.559328079223633,
    7.7544846534729,
    7.984406471252441,
    7.794485569000244,
    7.815685749053955,
    7.998865604400635,
    7.768038749694824,
    8.083484649658203,
    8.055610656738281,
    7.758957386016846,
    8.567014694213867,
    7.870001792907715,
    7.751325607299805,
    7.707208633422852,
    7.659797668457031,
    7.906227111816406,
    7.810564994812012,
    7.417600631713867,
    7.862456321716309,
    8.212961196899414,
    7.922686576843262,
    7.978912830352783,
    8.076934814453125,
    7.948874473571777,
    7.956747055053711,
    8.26089859008789,
    7.868987560272217,
    8.496541976928711,
    7.881206512451172,
    7.6865973472595215,
    8.00433349609375,
    7.864821434020996,
    7.501770496368408,
    7.652729034423828,
    8.109612464904785,
    7.695588111877441,
    8.230981826782227,
    7.818966865539551,
    7.8978776931762695,
    7.485297203063965,
    7.90544319152832,
    7.6559014320373535,
    7.729550361633301,
    7.543532371520996,
    7.5176591873168945,
    7.455944538116455,
    7.860968589782715,
    7.5654425621032715,
    8.212007522583008,
    7.869515895843506,
    7.624197006225586,
    7.78150749206543,
    7.7658796310424805,
    7.696681976318359,
    7.679429054260254,
    7.912809371948242,
    8.083504676818848,
    7.361786842346191,
    7.629709243774414,
    7.9581098556518555,
    6.719648361206055,
    7.731754302978516,
    7.79280948638916,
    8.046676635742188,
    7.723968029022217,
    7.626201629638672,
    7.207864761352539,
    7.290848731994629,
    8.261697769165039,
    7.450047492980957,
    7.384273529052734,
    7.618704795837402,
    6.911607265472412,
    7.633535385131836,
    7.256590843200684,
    7.283825397491455,
    7.423357009887695,
    7.572466850280762,
    7.41938591003418,
    7.55619478225708,
    7.417060852050781,
    7.40498161315918,
    7.587458610534668,
    7.2024030685424805,
    7.518433570861816,
    7.366559982299805,
    7.483351230621338,
    7.153033256530762,
    7.602610111236572,
    7.568408012390137,
    7.257610321044922,
    7.170903205871582,
    7.810952186584473,
    7.23751163482666,
    7.365050315856934,
    7.468062400817871,
    7.32621955871582,
    7.088640213012695,
    7.133960247039795,
    7.7114763259887695,
    7.165694236755371,
    7.294104099273682,
    7.462442398071289,
    7.2063117027282715,
    7.095265865325928,
    7.08628511428833,
    7.182860374450684,
    7.515016078948975,
    7.206725120544434,
    6.913687705993652,
    7.475550651550293,
    7.80142068862915,
    7.628156661987305,
    7.337529182434082,
    7.586309909820557,
    7.6694231033325195,
    7.372501850128174,
    6.768332481384277,
    8.36636734008789,
    7.317559719085693,
    7.637699127197266,
    7.6831374168396,
    7.477235317230225,
    7.8426513671875,
    7.8870086669921875,
    7.596999168395996,
    7.329736709594727,
    7.729306221008301,
    7.506351470947266,
    7.061634540557861,
    6.1252288818359375,
    7.555891036987305,
    7.466943740844727,
    7.398040294647217,
    7.160096168518066,
    7.1417388916015625,
    6.851031303405762,
    7.141092300415039,
    6.884917736053467,
    7.274478912353516,
    7.181931495666504,
    6.807412147521973,
    7.282598495483398,
    7.318789005279541,
    7.151744842529297,
    7.471674919128418,
    7.541839599609375,
    7.332144737243652,
    7.136371612548828,
    7.176939010620117,
    7.586034774780273,
    6.300593852996826,
    7.8866705894470215,
    7.009304046630859,
    7.402832508087158,
    7.479487419128418,
    7.783558368682861,
    7.090754508972168,
    7.579514503479004,
    7.570450305938721,
    7.168974876403809,
    7.247771263122559,
    7.220128059387207,
    6.943534851074219,
    7.536446571350098,
    7.335477828979492,
    7.563136100769043,
    6.826316833496094
  ],
  "val_losses": [
    7.869258504164846
  ],
  "training_time_seconds": 51.5,
  "total_steps": 208,
  "model_params_M": 124.0
}