{
  "input_count": 417,
  "output_count": 42,
  "retention_rate": 0.10071942446043165,
  "top_fraction": 0.1,
  "threshold": 0.5253742694854736,
  "score_stats": {
    "mean": 0.4190144806171207,
    "p50": 0.5092030763626099,
    "p90": 0.5253742694854736
  },
  "elapsed_seconds": 0.18134784698486328
}