{
  "mode": "smoke_test",
  "gen2_stats": {
    "input_count": 437,
    "output_count": 44,
    "retention_rate": 0.10068649885583524,
    "top_fraction": 0.1,
    "threshold": 0.6394958734512329,
    "score_stats": {
      "mean": 0.18275257394790628,
      "p50": 0.05690782144665718,
      "p90": 0.6394958734512329
    },
    "elapsed_seconds": 3.5205037593841553,
    "score_histogram": {
      "counts": [
        147,
        56,
        20,
        25,
        17,
        16,
        7,
        8,
        8,
        8,
        5,
        3,
        8,
        5,
        8,
        5,
        2,
        1,
        3,
        2,
        5,
        5,
        1,
        4,
        3,
        4,
        4,
        4,
        3,
        4,
        0,
        1,
        3,
        5,
        3,
        2,
        3,
        0,
        4,
        4,
        2,
        6,
        0,
        2,
        3,
        1,
        0,
        1,
        3,
        3
      ],
      "bin_edges": [
        1.0000880138250068e-05,
        0.019854870509370813,
        0.039699740138603376,
        0.05954460976783594,
        0.0793894793970685,
        0.09923434902630107,
        0.11907921865553363,
        0.13892408828476618,
        0.15876895791399875,
        0.17861382754323132,
        0.1984586971724639,
        0.21830356680169644,
        0.238148436430929,
        0.2579933060601616,
        0.2778381756893941,
        0.2976830453186267,
        0.31752791494785926,
        0.3373727845770918,
        0.3572176542063244,
        0.37706252383555694,
        0.39690739346478954,
        0.4167522630940221,
        0.4365971327232546,
        0.4564420023524872,
        0.47628687198171976,
        0.4961317416109523,
        0.5159766112401849,
        0.5358214808694175,
        0.55566635049865,
        0.5755112201278826,
        0.5953560897571152,
        0.6152009593863477,
        0.6350458290155803,
        0.6548906986448129,
        0.6747355682740453,
        0.694580437903278,
        0.7144253075325105,
        0.734270177161743,
        0.7541150467909756,
        0.7739599164202082,
        0.7938047860494408,
        0.8136496556786733,
        0.8334945253079059,
        0.8533393949371385,
        0.873184264566371,
        0.8930291341956036,
        0.9128740038248362,
        0.9327188734540687,
        0.9525637430833013,
        0.9724086127125339,
        0.9922534823417664
      ]
    }
  },
  "gen1_eval_quality_mean": 0.6819,
  "gen2_eval_quality_mean": 0.7794,
  "quality_improvement": 0.0975,
  "figures_saved": [
    "results/figures/03_gen2_score_distribution.png",
    "results/figures/03_gen2_tradeoff_curve.png",
    "results/figures/03_gen1_vs_gen2_quality.png"
  ]
}