{
  "gen2_stats": {
    "input_count": 409,
    "output_count": 41,
    "retention_rate": 0.10024449877750612,
    "top_fraction": 0.1,
    "threshold": 0.849569010734558,
    "score_stats": {
      "mean": 0.35479833599881105,
      "p50": 0.26664993166923523,
      "p90": 0.849569010734558
    },
    "elapsed_seconds": 4.214306831359863,
    "score_histogram": {
      "counts": [
        53,
        24,
        15,
        11,
        16,
        16,
        13,
        10,
        9,
        12,
        7,
        8,
        9,
        5,
        9,
        5,
        7,
        4,
        6,
        2,
        3,
        3,
        7,
        7,
        10,
        6,
        12,
        6,
        1,
        4,
        3,
        8,
        10,
        1,
        5,
        6,
        8,
        7,
        2,
        3,
        4,
        6,
        3,
        10,
        4,
        6,
        5,
        4,
        8,
        6
      ],
      "bin_edges": [
        1.7366175597999245e-05,
        0.019715006885380717,
        0.039412647595163434,
        0.05911028830494615,
        0.07880792901472887,
        0.09850556972451159,
        0.1182032104342943,
        0.13790085114407702,
        0.15759849185385974,
        0.17729613256364246,
        0.19699377327342518,
        0.2166914139832079,
        0.2363890546929906,
        0.25608669540277335,
        0.27578433611255604,
        0.2954819768223388,
        0.3151796175321215,
        0.3348772582419042,
        0.3545748989516869,
        0.3742725396614696,
        0.39397018037125237,
        0.41366782108103506,
        0.4333654617908178,
        0.4530631025006005,
        0.4727607432103832,
        0.49245838392016594,
        0.5121560246299487,
        0.5318536653397313,
        0.5515513060495141,
        0.5712489467592968,
        0.5909465874690796,
        0.6106442281788622,
        0.630341868888645,
        0.6500395095984277,
        0.6697371503082103,
        0.6894347910179931,
        0.7091324317277758,
        0.7288300724375586,
        0.7485277131473412,
        0.768225353857124,
        0.7879229945669067,
        0.8076206352766894,
        0.8273182759864721,
        0.8470159166962549,
        0.8667135574060376,
        0.8864111981158203,
        0.906108838825603,
        0.9258064795353858,
        0.9455041202451684,
        0.9652017609549511,
        0.9848994016647339
      ]
    },
    "all_scores": [
      0.0721,
      0.9625,
      0.7414,
      0.0091,
      0.741,
      0.6339,
      0.2684,
      0.4865,
      0.5878,
      0.4927,
      0.7963,
      0.3738,
      0.0011,
      0.7012,
      0.0202,
      0.3385,
      0.9493,
      0.0525,
      0.2556,
      0.3097,
      0.0536,
      0.7029,
      0.0649,
      0.285,
      0.063,
      0.2967,
      0.3602,
      0.9232,
      0.2773,
      0.1913,
      0.045,
      0.2006,
      0.8389,
      0.8647,
      0.1556,
      0.1166,
      0.0089,
      0.9836,
      0.3208,
      0.1599,
      0.9551,
      0.0287,
      0.81,
      0.0803,
      0.1857,
      0.8478,
      0.3872,
      0.1108,
      0.406,
      0.0889,
      0.4392,
      0.2296,
      0.0129,
      0.0083,
      0.8136,
      0.517,
      0.0031,
      0.2711,
      0.0872,
      0.0519,
      0.0186,
      0.7919,
      0.0141,
      0.0018,
      0.3585,
      0.0861,
      0.8648,
      0.445,
      0.0027,
      0.093,
      0.0014,
      0.002,
      0.5366,
      0.615,
      0.4141,
      0.2765,
      0.0402,
      0.8612,
      0.6252,
      0.6517,
      0.7271,
      0.0399,
      0.4813,
      0.4988,
      0.4884,
      0.0851,
      0.0104,
      0.0321,
      0.2552,
      0.3329,
      0.0409,
      0.8393,
      0.2097,
      0.4201,
      0.1406,
      0.0307,
      0.0591,
      0.7481,
      0.8919,
      0.0312,
      0.004,
      0.0229,
      0.0203,
      0.1261,
      0.1677,
      0.4757,
      0.4737,
      0.1994,
      0.9849,
      0.2298,
      0.2395,
      0.461,
      0.1153,
      0.3513,
      0.576,
      0.0306,
      0.1387,
      0.6321,
      0.3399,
      0.9712,
      0.9362,
      0.5689,
      0.921,
      0.6172,
      0.4891,
      0.0868,
      0.1114,
      0.3282,
      0.9002,
      0.0275,
      0.9761,
      0.7434,
      0.0024,
      0.0337,
      0.4412,
      0.1814,
      0.0586,
      0.5135,
      0.5204,
      0.7527,
      0.2776,
      0.0038,
      0.0699,
      0.175,
      0.0191,
      0.0307,
      0.1894,
      0.017,
      0.0203,
      0.0983,
      0.898,
      0.0025,
      0.0647,
      0.1941,
      0.0016,
      0.2746,
      0.645,
      0.0046,
      0.4055,
      0.0017,
      0.5245,
      0.2014,
      0.8488,
      0.0435,
      0.1143,
      0.0384,
      0.1355,
      0.0023,
      0.0884,
      0.5245,
      0.1982,
      0.0946,
      0.1226,
      0.0167,
      0.6262,
      0.0078,
      0.0068,
      0.5299,
      0.1848,
      0.7139,
      0.189,
      0.0667,
      0.2666,
      0.883,
      0.3169,
      0.4603,
      0.3409,
      0.7119,
      0.6494,
      0.0202,
      0.8561,
      0.126,
      0.0182,
      0.1323,
      0.5498,
      0.5032,
      0.2039,
      0.0048,
      0.1025,
      0.1008,
      0.0544,
      0.6873,
      0.1781,
      0.2235,
      0.0156,
      0.4692,
      0.4351,
      0.0216,
      0.5434,
      0.1296,
      0.0873,
      0.7137,
      0.648,
      0.0022,
      0.6979,
      0.1602,
      0.2813,
      0.3003,
      0.8221,
      0.7087,
      0.1605,
      0.1477,
      0.2449,
      0.7166,
      0.0649,
      0.575,
      0.8651,
      0.1286,
      0.9729,
      0.0263,
      0.3276,
      0.8142,
      0.3765,
      0.4772,
      0.8525,
      0.6383,
      0.7315,
      0.277,
      0.1139,
      0.6022,
      0.2945,
      0.0337,
      0.101,
      0.1782,
      0.1206,
      0.1561,
      0.9136,
      0.6789,
      0.2552,
      0.0472,
      0.0047,
      0.1105,
      0.1788,
      0.8087,
      0.5126,
      0.4064,
      0.9544,
      0.1105,
      0.8728,
      0.0387,
      0.95,
      0.0282,
      0.4939,
      0.9032,
      0.1039,
      0.0328,
      0.2071,
      0.3077,
      0.1044,
      0.0758,
      0.4498,
      0.417,
      0.1246,
      0.0161,
      0.0133,
      0.4598,
      0.1791,
      0.3656,
      0.9408,
      0.6483,
      0.0046,
      0.6033,
      0.0513,
      0.5856,
      0.6171,
      0.2191,
      0.9559,
      0.1607,
      0.5043,
      0.0908,
      0.9283,
      0.4595,
      0.0064,
      0.0154,
      0.0157,
      0.5279,
      0.5279,
      0.7748,
      0.0003,
      0.0038,
      0.0268,
      0.515,
      0.5296,
      0.4539,
      0.0086,
      0.0026,
      0.5296,
      0.1097,
      0.1732,
      0.0909,
      0.0918,
      0.0866,
      0.6473,
      0.0046,
      0.1189,
      0.1554,
      0.2244,
      0.9772,
      0.2545,
      0.0717,
      0.0019,
      0.8743,
      0.3194,
      0.8776,
      0.3047,
      0.9115,
      0.0031,
      0.0496,
      0.5492,
      0.6475,
      0.0305,
      0.5429,
      0.1475,
      0.1386,
      0.7404,
      0.7345,
      0.707,
      0.4651,
      0.0291,
      0.8528,
      0.4339,
      0.6053,
      0.2184,
      0.1469,
      0.486,
      0.7133,
      0.114,
      0.7631,
      0.9562,
      0.9354,
      0.0,
      0.0888,
      0.7867,
      0.0018,
      0.3215,
      0.2175,
      0.6948,
      0.7281,
      0.017,
      0.9104,
      0.2325,
      0.0049,
      0.8639,
      0.4518,
      0.5001,
      0.6367,
      0.7969,
      0.8896,
      0.0017,
      0.1213,
      0.2371,
      0.3597,
      0.1614,
      0.9501,
      0.7987,
      0.4903,
      0.2619,
      0.1207,
      0.144,
      0.7686,
      0.2545,
      0.7175,
      0.6146,
      0.1788,
      0.816,
      0.2451,
      0.0346,
      0.8398,
      0.5323,
      0.4842,
      0.6295,
      0.359,
      0.6817,
      0.674,
      0.0026,
      0.0038,
      0.0607,
      0.6149,
      0.2774,
