{
  "gen2_stats": {
    "input_count": 409,
    "output_count": 41,
    "retention_rate": 0.10024449877750612,
    "top_fraction": 0.1,
    "threshold": 0.5181450843811035,
    "score_stats": {
      "mean": 0.3381540625194466,
      "p50": 0.5043817758560181,
      "p90": 0.5181450843811035
    },
    "elapsed_seconds": 0.45177292823791504,
    "score_histogram": {
      "counts": [
        138,
        0,
        0,
        0,
        0,
        0,
        0,
        0,
        0,
        0,
        0,
        0,
        0,
        0,
        0,
        0,
        0,
        0,
        0,
        0,
        0,
        0,
        0,
        0,
        0,
        0,
        0,
        0,
        0,
        0,
        0,
        0,
        0,
        0,
        0,
        0,
        0,
        0,
        0,
        0,
        0,
        0,
        0,
        0,
        0,
        19,
        166,
        66,
        17,
        3
      ],
      "bin_edges": [
        0.0,
        0.010907682180404664,
        0.021815364360809327,
        0.03272304654121399,
        0.043630728721618654,
        0.05453841090202332,
        0.06544609308242798,
        0.07635377526283264,
        0.08726145744323731,
        0.09816913962364197,
        0.10907682180404664,
        0.1199845039844513,
        0.13089218616485596,
        0.14179986834526062,
        0.1527075505256653,
        0.16361523270606995,
        0.17452291488647462,
        0.18543059706687928,
        0.19633827924728395,
        0.2072459614276886,
        0.21815364360809328,
        0.22906132578849794,
        0.2399690079689026,
        0.25087669014930725,
        0.2617843723297119,
        0.2726920545101166,
        0.28359973669052124,
        0.2945074188709259,
        0.3054151010513306,
        0.31632278323173524,
        0.3272304654121399,
        0.33813814759254457,
        0.34904582977294923,
        0.3599535119533539,
        0.37086119413375856,
        0.38176887631416323,
        0.3926765584945679,
        0.40358424067497256,
        0.4144919228553772,
        0.4253996050357819,
        0.43630728721618656,
        0.4472149693965912,
        0.4581226515769959,
        0.46903033375740055,
        0.4799380159378052,
        0.4908456981182099,
        0.5017533802986145,
        0.5126610624790192,
        0.5235687446594238,
        0.5344764268398285,
        0.5453841090202332
      ]
    },
    "all_scores": [
      0.0,
      0.5279,
      0.507,
      0.503,
      0.5131,
      0.5228,
      0.5109,
      0.5171,
      0.5033,
      0.5022,
      0.5243,
      0.0,
      0.0,
      0.5188,
      0.0,
      0.5069,
      0.516,
      0.0,
      0.0,
      0.5061,
      0.0,
      0.5013,
      0.0,
      0.0,
      0.0,
      0.502,
      0.5191,
      0.5176,
      0.0,
      0.5046,
      0.5005,
      0.5048,
      0.5114,
      0.5209,
      0.0,
      0.0,
      0.5033,
      0.5275,
      0.5144,
      0.5064,
      0.5454,
      0.505,
      0.5131,
      0.5013,
      0.0,
      0.5135,
      0.0,
      0.5043,
      0.0,
      0.5038,
      0.5146,
      0.0,
      0.0,
      0.0,
      0.507,
      0.5062,
      0.0,
      0.5001,
      0.5029,
      0.0,
      0.5048,
      0.5132,
      0.0,
      0.5073,
      0.0,
      0.5096,
      0.5191,
      0.5066,
      0.0,
      0.5044,
      0.0,
      0.0,
      0.0,
      0.5143,
      0.0,
      0.0,
      0.0,
      0.5107,
      0.5166,
      0.5144,
      0.5058,
      0.0,
      0.0,
      0.5062,
      0.506,
      0.0,
      0.5066,
      0.0,
      0.5149,
      0.5032,
      0.5103,
      0.5055,
      0.5021,
      0.5046,
      0.0,
      0.0,
      0.0,
      0.5066,
      0.515,
      0.5003,
      0.0,
      0.5071,
      0.0,
      0.0,
      0.0,
      0.5085,
      0.0,
      0.5199,
      0.5317,
      0.5132,
      0.512,
      0.0,
      0.0,
      0.0,
      0.5052,
      0.0,
      0.0,
      0.5204,
      0.5023,
      0.5294,
      0.5404,
      0.5188,
      0.5134,
      0.5096,
      0.5023,
      0.5071,
      0.0,
      0.5105,
      0.5109,
      0.0,
      0.5236,
      0.5088,
      0.0,
      0.0,
      0.5063,
      0.0,
      0.5035,
      0.5083,
      0.5077,
      0.5118,
      0.0,
      0.0,
      0.5052,
      0.0,
      0.5089,
      0.0,
      0.5051,
      0.0,
      0.5276,
      0.0,
      0.5235,
      0.5001,
      0.0,
      0.5154,
      0.0,
      0.5037,
      0.5107,
      0.514,
      0.0,
      0.5055,
      0.5181,
      0.5017,
      0.5124,
      0.0,
      0.5012,
      0.5086,
      0.0,
      0.5047,
      0.0,
      0.5181,
      0.5026,
      0.5131,
      0.5042,
      0.0,
      0.5164,
      0.0,
      0.0,
      0.5101,
      0.5034,
      0.5073,
      0.0,
      0.0,
      0.0,
      0.5168,
      0.5081,
      0.5104,
      0.0,
      0.5068,
      0.5114,
      0.0,
      0.5181,
      0.0,
      0.0,
      0.0,
      0.5055,
      0.506,
      0.5025,
      0.0,
      0.0,
      0.5141,
      0.0,
      0.5175,
      0.5045,
      0.5114,
      0.5172,
      0.5027,
      0.0,
      0.5021,
      0.5047,
      0.0,
      0.5,
      0.517,
      0.5089,
      0.0,
      0.5103,
      0.5183,
      0.5104,
      0.0,
      0.5116,
      0.5121,
      0.0,
      0.0,
      0.0,
      0.5285,
      0.0,
      0.5235,
      0.5182,
      0.5068,
      0.5274,
      0.0,
      0.5037,
      0.5223,
      0.5116,
      0.5017,
      0.5068,
      0.5144,
      0.5059,
      0.5065,
      0.0,
      0.5153,
      0.0,
      0.0,
      0.5045,
      0.0,
      0.5037,
      0.0,
      0.537,
      0.5097,
      0.5063,
      0.5022,
      0.0,
      0.5042,
      0.5066,
      0.526,
      0.5064,
      0.0,
      0.5326,
      0.5042,
      0.5065,
      0.508,
      0.5165,
      0.5029,
      0.5046,
      0.5169,
      0.5031,
      0.0,
      0.0,
      0.0,
      0.5036,
      0.0,
      0.0,
      0.0,
      0.0,
      0.5021,
      0.0,
      0.5041,
      0.5097,
      0.5054,
      0.5137,
      0.5108,
      0.0,
      0.514,
      0.5021,
      0.5073,
      0.5009,
      0.5127,
      0.507,
      0.5147,
      0.5161,
      0.5038,
      0.5161,
      0.5034,
      0.0,
      0.5048,
      0.5146,
      0.5017,
      0.5097,
      0.5117,
      0.0,
      0.5043,
      0.0,
      0.5337,
      0.507,
      0.5023,
      0.0,
      0.0,
      0.507,
      0.5051,
      0.501,
      0.0,
      0.5001,
      0.0,
      0.5143,
      0.5039,
      0.0,
      0.0,
      0.0,
      0.5192,
      0.0,
      0.0,
      0.5052,
      0.5206,
      0.501,
      0.5066,
      0.0,
      0.5012,
      0.0,
      0.5072,
      0.5065,
      0.5066,
      0.5031,
      0.5082,
      0.5018,
      0.5077,
      0.5119,
      0.5058,
      0.5055,
      0.5095,
      0.0,
      0.5193,
      0.5035,
      0.501,
      0.0,
      0.5016,
      0.5125,
      0.5233,
      0.5075,
      0.509,
      0.5274,
      0.5278,
      0.0,
      0.0,
      0.5082,
      0.0,
      0.5051,
      0.0,
      0.5226,
      0.5078,
      0.5056,
      0.5121,
      0.0,
      0.0,
      0.5127,
      0.5013,
      0.5082,
      0.5025,
      0.5183,
      0.5173,
      0.5056,
      0.0,
      0.0,
      0.5107,
      0.0,
      0.5245,
      0.5198,
      0.5066,
      0.5022,
      0.0,
      0.0,
      0.518,
      0.0,
      0.5282,
      0.5159,
      0.5046,
      0.5108,
      0.0,
      0.0,
      0.5127,
      0.5036,
      0.5044,
      0.5169,
      0.5086,
      0.5281,
      0.5052,
      0.0,
      0.5044,
      0.5023,
      0.5082,
      0.5027,
      0.507,
      0.5035,
      0.5119,
      0.0,
      0.0,
      0.0,
      0.0,
      0.5034,
      0.5257,
      0.5028
    ]
  },
  "gen1_eval_quality_mean": 0.5158,
  "gen2_eval_quality_mean": 0.5246,
  "quality_improvement": 0.0087,