{
  "mode": "full_run",
  "gen2_stats": {
    "input_count": 3488,
    "output_count": 349,
    "retention_rate": 0.10005733944954129,
    "top_fraction": 0.1,
    "threshold": 0.7405924737453461,
    "score_stats": {
      "mean": 0.2151606906334962,
      "p50": 0.06181918457150459,
      "p90": 0.7405924737453461
    },
    "elapsed_seconds": 26.43090009689331,
    "score_histogram": {
      "counts": [
        1187,
        355,
        184,
        154,
        113,
        78,
        82,
        77,
        49,
        50,
        57,
        50,
        52,
        31,
        44,
        25,
        34,
        41,
        30,
        28,
        31,
        20,
        30,
        28,
        27,
        27,
        20,
        29,
        28,
        28,
        26,
        26,
        18,
        16,
        25,
        19,
        18,
        17,
        25,
        36,
        18,
        18,
        25,
        23,
        33,
        23,
        29,
        29,
        35,
        40
      ],
      "bin_edges": [
        1.0001462214859203e-05,
        0.019989151999834576,
        0.039968302537454294,
        0.059947453075074014,
        0.07992660361269373,
        0.09990575415031344,
        0.11988490468793317,
        0.13986405522555287,
        0.1598432057631726,
        0.17982235630079232,
        0.19980150683841202,
        0.21978065737603175,
        0.23975980791365148,
        0.2597389584512712,
        0.2797181089888909,
        0.2996972595265106,
        0.31967641006413033,
        0.33965556060175006,
        0.3596347111393698,
        0.37961386167698946,
        0.3995930122146092,
        0.4195721627522289,
        0.43955131328984864,
        0.45953046382746837,
        0.4795096143650881,
        0.49948876490270777,
        0.5194679154403276,
        0.5394470659779472,
        0.5594262165155669,
        0.5794053670531867,
        0.5993845175908064,
        0.6193636681284261,
        0.6393428186660458,
        0.6593219692036655,
        0.6793011197412853,
        0.6992802702789049,
        0.7192594208165247,
        0.7392385713541444,
        0.7592177218917641,
        0.7791968724293838,
        0.7991760229670035,
        0.8191551735046233,
        0.839134324042243,
        0.8591134745798626,
        0.8790926251174824,
        0.8990717756551021,
        0.9190509261927219,
        0.9390300767303416,
        0.9590092272679613,
        0.978988377805581,
        0.9989675283432007
      ]
    }
  },
  "gen1_eval_quality_mean": 0.6825,
  "gen2_eval_quality_mean": 0.7887,
  "quality_improvement": 0.1062,
  "figures_saved": [
    "results/figures/03_gen2_score_distribution.png",
    "results/figures/03_gen2_tradeoff_curve.png",
    "results/figures/03_gen1_vs_gen2_quality.png"
  ]
}