{
  "mode": "full_run",
  "gen2_stats": {
    "input_count": 3242,
    "output_count": 325,
    "retention_rate": 0.10024676125848242,
    "top_fraction": 0.1,
    "threshold": 0.7691534519195556,
    "score_stats": {
      "mean": 0.22734923205844282,
      "p50": 0.06828151270747185,
      "p90": 0.7691534519195556
    },
    "elapsed_seconds": 25.954691886901855,
    "score_histogram": {
      "counts": [
        1052,
        339,
        165,
        147,
        99,
        72,
        67,
        75,
        57,
        39,
        46,
        47,
        44,
        37,
        36,
        39,
        30,
        30,
        32,
        28,
        35,
        25,
        25,
        23,
        22,
        21,
        28,
        23,
        26,
        23,
        22,
        33,
        27,
        17,
        17,
        20,
        14,
        23,
        22,
        31,
        20,
        21,
        15,
        29,
        33,
        31,
        22,
        32,
        36,
        45
      ],
      "bin_edges": [
        1.005637113848934e-05,
        0.019992387506517842,
        0.039974718641897194,
        0.05995704977727655,
        0.0799393809126559,
        0.09992171204803525,
        0.1199040431834146,
        0.13988637431879397,
        0.1598687054541733,
        0.17985103658955265,
        0.19983336772493202,
        0.21981569886031138,
        0.23979802999569072,
        0.25978036113107006,
        0.27976269226644945,
        0.2997450234018288,
        0.31972735453720813,
        0.33970968567258747,
        0.3596920168079668,
        0.3796743479433462,
        0.39965667907872554,
        0.4196390102141049,
        0.4396213413494843,
        0.4596036724848636,
        0.47958600362024295,
        0.4995683347556223,
        0.5195506658910016,
        0.539532997026381,
        0.5595153281617604,
        0.5794976592971397,
        0.5994799904325191,
        0.6194623215678984,
        0.6394446527032778,
        0.6594269838386572,
        0.6794093149740364,
        0.6993916461094158,
        0.7193739772447951,
        0.7393563083801745,
        0.7593386395155539,
        0.7793209706509332,
        0.7993033017863126,
        0.819285632921692,
        0.8392679640570713,
        0.8592502951924507,
        0.8792326263278301,
        0.8992149574632093,
        0.9191972885985887,
        0.939179619733968,
        0.9591619508693474,
        0.9791442820047268,
        0.9991266131401062
      ]
    }
  },
  "gen1_eval_quality_mean": 0.6892,
  "gen2_eval_quality_mean": 0.7931,
  "quality_improvement": 0.1039,
  "figures_saved": [
    "results/figures/03_gen2_score_distribution.png",
    "results/figures/03_gen2_tradeoff_curve.png",
    "results/figures/03_gen1_vs_gen2_quality.png"
  ]
}