{
  "dataset": "gen1",
  "train_chunks": 8844,
  "val_chunks": 75,
  "final_train_loss": 5.769859313964844,
  "final_val_loss": 7.2333069349590104,
  "final_val_perplexity": 1384.79,
  "train_losses": [
    11.00285816192627,
    8.357915878295898,
    7.864629745483398,
    8.03909683227539,
    8.480430603027344,
    7.920278072357178,
    8.04678726196289,
    7.592623233795166,
    8.219547271728516,
    8.034882545471191,
    7.743291854858398,
    8.505760192871094,
    7.150562286376953,
    7.19679594039917,
    7.620331287384033,
    7.192381858825684,
    7.6551127433776855,
    7.670337677001953,
    7.316414833068848,
    7.211862564086914,
    7.359589576721191,
    7.353445053100586,
    7.201396942138672,
    6.860666275024414,
    8.058296203613281,
    7.225318908691406,
    7.352180480957031,
    7.144262313842773,
    6.781871795654297,
    7.645644187927246,
    7.1953935623168945,
    7.030003547668457,
    6.185356140136719,
    7.610170364379883,
    6.961853504180908,
    6.4604878425598145,
    6.836342811584473,
    6.8579206466674805,
    7.020082473754883,
    7.350985050201416,
    6.688483715057373,
    7.157194137573242,
    7.659711837768555,
    7.2773518562316895,
    6.839683532714844,
    6.632174491882324,
    6.7874755859375,
    6.914825439453125,
    5.898454189300537,
    6.559967041015625,
    7.081778049468994,
    6.695349216461182,
    7.032191276550293,
    6.905949592590332,
    6.645265579223633,
    7.293359756469727,
    7.480169296264648,
    6.869649410247803,
    6.111513137817383,
    6.807107925415039,
    6.676526069641113,
    7.094402313232422,
    6.619919776916504,
    6.39188289642334,
    6.871620178222656,
    6.759253978729248,
    6.349160194396973,
    7.365495681762695,
    7.127390384674072,
    6.893607139587402,
    6.7280497550964355,
    6.966731071472168,
    7.271116733551025,
    6.883622646331787,
    5.046670913696289,
    6.959521770477295,
    6.693416595458984,
    6.529474258422852,
    6.380268096923828,
    6.755685329437256,
    6.587800979614258,
    5.801929473876953,
    6.925990104675293,
    7.211797714233398,
    6.997272968292236,
    6.421542644500732,
    6.642838478088379,
    7.128446578979492,
    6.899982929229736,
    7.2709856033325195,
    7.0558857917785645,
    6.373906135559082,
    5.889290809631348,
    6.755622386932373,
    6.390949249267578,
    7.0242133140563965,
    7.24715518951416,
    6.389444351196289,
    6.292886734008789,
    7.664462089538574,
    6.536489009857178,
    6.722354888916016,
    6.2088704109191895,
    6.737879753112793,
    6.4929914474487305,
    6.858400821685791,
    6.617051124572754,
    7.169203281402588,
    6.389331817626953,
    6.5272135734558105,
    6.808980941772461,
    6.203249931335449,
    6.926327705383301,
    6.801853179931641,
    7.033059597015381,
    6.026428699493408,
    6.535552978515625,
    5.376476287841797,
    6.827114105224609,
    5.954580307006836,
    6.243682861328125,
    6.837250709533691,
    5.801574230194092,
    6.50574254989624,
    6.270026206970215,
    6.7892985343933105,
    6.658041477203369,
    6.347611904144287,
    6.715044975280762,
    6.622227191925049,
    5.725246429443359,
    6.402003288269043,
    6.575074195861816,
    5.330450057983398,
    4.526348114013672,
    5.86508846282959,
    6.739528656005859,
    6.328126907348633,
    5.734260559082031,
    5.429559707641602,
    5.793188095092773,
    6.892189979553223,
    6.2751641273498535,
    5.634089469909668,
    5.530209541320801,
    5.669316291809082,
    6.281381607055664,
    6.366584777832031,
    5.898350715637207,
    7.567080497741699,
    6.137126445770264,
    6.637607574462891,
    6.666224956512451,
    6.410820007324219,
    6.685516834259033,
    6.655862808227539,
    6.7889604568481445,
    6.910017013549805,
    6.390345573425293,
    6.30489444732666,
    6.555413246154785,
    6.582660675048828,
    6.487998962402344,
    6.159157752990723,
    6.501376152038574,
    6.19327974319458,
    6.3184309005737305,
    5.345319747924805,
    6.132011413574219,
    5.391852855682373,
    5.415534973144531,
    5.498263835906982,
    6.5523529052734375,
    6.527163505554199,
    6.792810916900635,
    7.053360939025879,
    6.247897624969482,
    5.496743202209473,
    6.377523422241211,
    6.057528495788574,
    6.102065563201904,
    6.3422346115112305,
    6.9616804122924805,
    6.458555221557617,
    6.832659721374512,
    6.028958320617676,
    6.274177074432373,
    6.2055511474609375,
    7.023834705352783,
    6.494588851928711,
    6.633265972137451,
    6.3596696853637695,
    6.731488227844238,
    5.9284162521362305,
    6.535594940185547,
    6.365447998046875,
    5.969336032867432,
    6.610253810882568,
    6.463571548461914,
    5.537226676940918,
    5.802556991577148
  ],
  "val_losses": [
    7.2333069349590104
  ],
  "training_time_seconds": 529.7,
  "total_steps": 2211,
  "model_params_M": 124.0
}