{
  "dataset": "raw",
  "train_chunks": 19750,
  "val_chunks": 75,
  "final_train_loss": 4.589306831359863,
  "final_val_loss": 7.64047128275821,
  "final_val_perplexity": 2080.72,
  "train_losses": [
    10.95992660522461,
    7.067363739013672,
    7.918558597564697,
    7.733584403991699,
    6.244159698486328,
    6.5244855880737305,
    5.983513832092285,
    5.869022369384766,
    6.24635124206543,
    5.444761753082275,
    6.355637550354004,
    4.726147651672363,
    5.5755743980407715,
    5.387143611907959,
    6.048710823059082,
    8.33962631225586,
    6.585844039916992,
    6.445702075958252,
    5.608520984649658,
    5.161990165710449,
    4.936336994171143,
    5.9390411376953125,
    5.593145370483398,
    4.844205856323242,
    5.732865810394287,
    5.445355415344238,
    6.749263763427734,
    4.950473785400391,
    4.948404312133789,
    6.684384346008301,
    5.435997009277344,
    5.645694732666016,
    6.1269850730896,
    5.143418312072754,
    4.455091953277588,
    5.018312454223633,
    5.136203765869141,
    4.361311912536621,
    5.698665142059326,
    2.8794922828674316,
    6.690354824066162,
    3.8010640144348145,
    7.055070400238037,
    5.770411491394043,
    4.95605993270874,
    3.337717056274414,
    5.408411026000977,
    6.772915840148926,
    3.209704875946045,
    5.354774475097656,
    6.066408157348633,
    4.8202104568481445,
    4.379969120025635,
    5.5358805656433105,
    5.328102111816406,
    5.023574352264404,
    5.105472087860107,
    4.013794898986816,
    4.245706558227539,
    4.642996788024902,
    5.484919548034668,
    6.137971878051758,
    4.678089141845703,
    3.242396831512451,
    4.9210662841796875,
    4.922614097595215,
    5.4059247970581055,
    5.440882682800293,
    5.256940841674805,
    5.095502853393555,
    4.516006946563721,
    5.151613235473633,
    4.80967903137207,
    4.927105903625488,
    3.3082807064056396,
    4.034750938415527,
    5.4400224685668945,
    3.9771552085876465,
    2.868925094604492,
    5.552702903747559,
    5.220343589782715,
    5.295505523681641,
    3.959559202194214,
    4.900965690612793,
    4.010153293609619,
    5.764720916748047,
    5.211973667144775,
    4.412108898162842,
    5.341091156005859,
    4.802557945251465,
    3.7821831703186035,
    4.781116962432861,
    5.705282688140869,
    5.57084846496582,
    6.184051513671875,
    4.7396440505981445,
    3.911090850830078,
    4.471535682678223,
    5.959774017333984,
    5.186503887176514,
    4.008727550506592,
    4.142833232879639,
    5.476429462432861,
    4.6088337898254395,
    5.016707420349121,
    3.972573757171631,
    5.822924613952637,
    3.6877810955047607,
    4.0095696449279785,
    6.012458324432373,
    3.384148597717285,
    4.9895148277282715,
    5.9645280838012695,
    4.24814510345459,
    4.615657329559326,
    3.663236618041992,
    5.084623336791992,
    4.485062599182129,
    4.208688735961914,
    6.254392623901367,
    5.898565292358398,
    4.736559867858887,
    4.293172836303711,
    4.406986713409424,
    5.335878372192383,
    4.172208786010742,
    4.977582931518555,
    4.908754348754883,
    5.3659892082214355,
    4.1732025146484375,
    3.6177401542663574,
    6.896885871887207,
    4.943578243255615,
    4.180919170379639,
    3.7061219215393066,
    5.390096187591553,
    3.5277442932128906,
    4.914719581604004,
    3.7445366382598877,
    4.335446834564209,
    4.307831764221191,
    5.4539103507995605,
    3.842822551727295,
    4.782779693603516,
    6.300631999969482,
    4.347686767578125,
    3.9184765815734863,
    3.8701279163360596,
    4.613164901733398,
    3.9985949993133545,
    3.5881457328796387,
    4.503413200378418,
    5.302597522735596,
    3.6238656044006348,
    3.157054901123047,
    4.917374610900879,
    4.294339179992676,
    3.1167216300964355,
    2.9847936630249023,
    4.560701370239258,
    4.056337356567383,
    3.9467554092407227,
    4.837736129760742,
    4.491497993469238,
    5.168468952178955,
    6.463043212890625,
    5.031294822692871,
    4.0153889656066895,
    4.680261135101318,
    4.727461814880371,
    5.265483379364014,
    3.09625506401062,
    3.7193899154663086,
    3.859529733657837,
    3.725867748260498,
    3.8602802753448486,
    3.6897549629211426,
    4.069643974304199,
    5.330629348754883,
    5.867332458496094,
    3.792959690093994,
    3.9399538040161133,
    5.652904987335205,
    4.098151683807373,
    4.088718414306641,
    3.257351875305176,
    4.230777263641357,
    4.9737958908081055,
    5.464867115020752,
    3.912261962890625,
    5.305044651031494,
    5.967912673950195,
    4.456040859222412,
    3.337522506713867,
    3.671919822692871,
    5.137348175048828,
    4.138321876525879,
    4.458806991577148,
    4.748641014099121,
    4.5011067390441895,
    6.5295820236206055,
    5.174497127532959,
    4.578335285186768,
    4.563389778137207,
    4.586835861206055,
    3.0499234199523926
  ],
  "val_losses": [
    7.64047128275821
  ],
  "training_time_seconds": 1236.1,
  "total_steps": 4937,
  "model_params_M": 124.0
}