{
  "dataset": "gen3",
  "train_chunks": 6001,
  "val_chunks": 75,
  "final_train_loss": 7.52833366394043,
  "final_val_loss": 7.311318347328587,
  "final_val_perplexity": 1497.15,
  "train_losses": [
    10.933999061584473,
    9.284659385681152,
    8.238433837890625,
    8.617603302001953,
    7.964892864227295,
    7.969151496887207,
    8.260787963867188,
    7.911264419555664,
    7.765378952026367,
    7.683548450469971,
    8.248741149902344,
    7.16243839263916,
    7.6054229736328125,
    7.969052314758301,
    7.802255153656006,
    7.423026084899902,
    7.557490348815918,
    7.692690849304199,
    7.266347885131836,
    7.537880897521973,
    7.155731201171875,
    7.360986232757568,
    7.018603324890137,
    7.556649208068848,
    7.3578057289123535,
    6.740571975708008,
    7.366881847381592,
    7.300769805908203,
    7.047677993774414,
    7.238759517669678,
    7.44188117980957,
    7.378309726715088,
    7.24901008605957,
    6.973052978515625,
    6.980402946472168,
    6.725979804992676,
    6.620804309844971,
    7.266011714935303,
    6.53736686706543,
    6.7965288162231445,
    7.048613548278809,
    6.788360118865967,
    7.076678276062012,
    7.210606575012207,
    7.121159553527832,
    6.316995620727539,
    7.1235785484313965,
    6.704900741577148,
    7.042222499847412,
    6.640510559082031,
    6.913074016571045,
    7.107742786407471,
    6.874127388000488,
    7.061992645263672,
    6.965868949890137,
    6.764719009399414,
    6.649715423583984,
    7.228650093078613,
    6.949892520904541,
    6.378576278686523,
    6.938229560852051,
    7.40354061126709,
    7.2283244132995605,
    6.911560535430908,
    6.689293384552002,
    6.677773475646973,
    6.109390735626221,
    7.096946716308594,
    6.884667873382568,
    6.7515974044799805,
    7.026247024536133,
    7.068734169006348,
    6.551464080810547,
    6.297170639038086,
    6.623982906341553,
    6.03765344619751,
    6.357231140136719,
    6.340338706970215,
    7.1685991287231445,
    6.194997787475586,
    6.757925033569336,
    7.280328750610352,
    6.927225589752197,
    6.693735122680664,
    6.268452167510986,
    7.197111129760742,
    6.693727970123291,
    6.488690376281738,
    6.741365432739258,
    6.402139663696289,
    7.166646957397461,
    7.145927429199219,
    6.954594135284424,
    6.601474285125732,
    7.200284957885742,
    6.518620491027832,
    6.28063440322876,
    6.697878837585449,
    6.372169494628906,
    6.968565464019775,
    6.667262077331543,
    7.057648658752441,
    6.7908735275268555,
    6.449878692626953,
    6.274808883666992,
    6.0833282470703125,
    7.088566780090332,
    7.124829292297363,
    6.51816463470459,
    6.627349853515625,
    7.595643043518066,
    6.6954345703125,
    6.686910152435303,
    6.706473350524902,
    5.832917213439941,
    6.798489570617676,
    7.489533424377441,
    6.426332473754883,
    6.798255920410156,
    7.220629692077637,
    6.617153167724609,
    6.243330001831055,
    6.546115875244141,
    6.210165977478027,
    6.699419975280762,
    5.8664774894714355,
    6.4739274978637695,
    6.021111011505127,
    6.637887954711914,
    6.7317423820495605,
    6.642829418182373,
    6.895346164703369,
    6.83229398727417,
    6.230602741241455,
    6.708676338195801,
    6.658788681030273,
    6.1707658767700195,
    6.701394081115723,
    6.693571090698242,
    6.878292083740234,
    6.175324440002441,
    7.156707286834717,
    6.554952621459961,
    6.996724605560303,
    6.500020980834961,
    6.612709045410156,
    7.1627702713012695,
    6.899702548980713,
    6.4886980056762695,
    6.441840648651123,
    6.959074020385742,
    6.82105827331543,
    6.602594375610352,
    6.3446245193481445,
    6.12252140045166,
    6.248438835144043,
    6.797824382781982,
    6.558083534240723,
    5.553860664367676,
    6.12754487991333,
    6.302380561828613,
    6.957342147827148,
    6.557501316070557,
    6.9531354904174805,
    6.742513656616211,
    6.499300956726074,
    5.915777206420898,
    7.075514793395996,
    7.0653557777404785,
    6.639732360839844,
    6.537266731262207,
    6.73376989364624,
    7.069693565368652,
    6.564261436462402,
    6.617222309112549,
    6.913841247558594,
    6.068021297454834,
    6.508235931396484,
    6.688507556915283,
    6.9293694496154785,
    6.52386999130249,
    5.893646240234375,
    5.518972396850586,
    6.421392440795898,
    6.656215667724609,
    6.683407783508301,
    6.586922645568848,
    6.942683219909668,
    6.911619663238525,
    6.348334312438965,
    6.321573257446289,
    6.551322937011719,
    6.061612606048584,
    6.013180732727051,
    6.385395050048828,
    6.886163711547852,
    6.214389801025391,
    6.453649044036865,
    6.812723636627197,
    5.6873016357421875,
    6.582952499389648,
    6.775712013244629,
    6.306326389312744,
    6.89229154586792,
    6.360683917999268,
    5.148755073547363,
    6.716665267944336,
    6.485652923583984,
    6.819458961486816,
    6.7667107582092285,
    6.425073623657227,
    7.077632427215576,
    6.2486042976379395,
    6.620101451873779,
    7.345595359802246
  ],
  "val_losses": [
    7.311318347328587
  ],
  "training_time_seconds": 360.1,
  "total_steps": 1500,
  "model_params_M": 124.0
}