{
  "smoke_test": {
    "raw": {
      "name": "原始数据",
      "doc_count": 500,
      "quality_mean": 0.47676228155195716,
      "quality_p50": 0.4607507437467575,
      "quality_p90": 0.6639037787914277,
      "unigram_diversity": 0.2598,
      "trigram_diversity": 0.7775,
      "avg_tokens": 3879.22
    },
    "gen1": {
      "name": "第一代(Heuristic)",
      "doc_count": 409,
      "quality_mean": 0.6869523116458016,
      "quality_p50": 0.697462260723114,
      "quality_p90": 0.7970436096191407,
      "unigram_diversity": 0.1721,
      "trigram_diversity": 0.8861,
      "avg_tokens": 1536.55
    },
    "gen2": {
      "name": "第二代(Model-based)",
      "doc_count": 41,
      "quality_mean": 0.8187125034448577,
      "quality_p50": 0.8113322854042053,
      "quality_p90": 0.872531533241272,
      "unigram_diversity": 0.2644,
      "trigram_diversity": 0.9499,
      "avg_tokens": 1515.4878048780488
    },
    "gen3": {
      "name": "第三代(Hybrid)",
      "doc_count": 205,
      "quality_mean": 0.7475320946879503,
      "quality_p50": 0.7524977326393127,
      "quality_p90": 0.8310397148132324,
      "unigram_diversity": 0.1676,
      "trigram_diversity": 0.9138,
      "avg_tokens": 1812.35
    }
  },
  "full_run": {
    "raw": {
      "name": "原始数据",
      "doc_count": 2000,
      "quality_mean": 0.4715486044585705,
      "quality_p50": 0.4585457891225815,
      "quality_p90": 0.6625725686550141,
      "unigram_diversity": 0.2598,
      "trigram_diversity": 0.7775,
      "avg_tokens": 3879.22
    },
    "gen1": {
      "name": "第一代(Heuristic)",
      "doc_count": 3242,
      "quality_mean": 0.6891679636201029,
      "quality_p50": 0.698678582906723,
      "quality_p90": 0.8116120100021362,
      "unigram_diversity": 0.1826,
      "trigram_diversity": 0.8982,
      "avg_tokens": 1312.35
    },
    "gen2": {
      "name": "第二代(Model-based)",
      "doc_count": 325,
      "quality_mean": 0.7931074486329005,
      "quality_p50": 0.7969571352005005,
      "quality_p90": 0.8756323218345642,
      "unigram_diversity": 0.1768,
      "trigram_diversity": 0.9207,
      "avg_tokens": 1510.97
    },
    "gen3": {
      "name": "第三代(Hybrid)",
      "doc_count": 1835,
      "quality_mean": 0.7420430037850255,
      "quality_p50": 0.7502500414848328,
      "quality_p90": 0.8344167709350586,
      "unigram_diversity": 0.1538,
      "trigram_diversity": 0.9071,
      "avg_tokens": 1547.46
    }
  }
}