{
  "smoke_test": {
    "raw": {
      "name": "原始数据",
      "doc_count": 500,
      "quality_mean": 0.4945494681596756,
      "quality_p50": 0.5096708536148071,
      "quality_p90": 0.5205635607242585,
      "unigram_diversity": 0.2598,
      "trigram_diversity": 0.7775,
      "avg_tokens": 3879.22
    },
    "gen1": {
      "name": "第一代(Heuristic)",
      "doc_count": 409,
      "quality_mean": 0.5158478136750481,
      "quality_p50": 0.5153595209121704,
      "quality_p90": 0.5217953324317932,
      "unigram_diversity": 0.1721,
      "trigram_diversity": 0.8861,
      "avg_tokens": 1536.55
    },
    "gen2": {
      "name": "第二代(Model-based)",
      "doc_count": 41,
      "quality_mean": 0.5245851816200628,
      "quality_p50": 0.5243867635726929,
      "quality_p90": 0.5286399722099304,
      "unigram_diversity": 0.3003,
      "trigram_diversity": 0.9484,
      "avg_tokens": 1140.121951219512
    },
    "gen3": {
      "name": "第三代(Hybrid)",
      "doc_count": 78,
      "quality_mean": 0.3757307835114308,
      "quality_p50": 0.505191445350647,
      "quality_p90": 0.5281627178192139,
      "unigram_diversity": 0.3767,
      "trigram_diversity": 0.952,
      "avg_tokens": 904.1794871794872
    }
  },
  "full_run": {
    "raw": {
      "name": "原始数据",
      "doc_count": 2000,
      "quality_mean": 0.49030850452184677,
      "quality_p50": 0.5092594921588898,
      "quality_p90": 0.5207120776176453,
      "unigram_diversity": 0.2598,
      "trigram_diversity": 0.7775,
      "avg_tokens": 3879.22
    },
    "gen1": {
      "name": "第一代(Heuristic)",
      "doc_count": 2000,
      "quality_mean": 0.5161218010783195,
      "quality_p50": 0.5156329870223999,
      "quality_p90": 0.5223641991615295,
      "unigram_diversity": 0.1826,
      "trigram_diversity": 0.8982,
      "avg_tokens": 1312.35
    },
    "gen2": {
      "name": "第二代(Model-based)",
      "doc_count": 325,
      "quality_mean": 0.5246111864310045,
      "quality_p50": 0.5241769552230835,
      "quality_p90": 0.529226791858673,
      "unigram_diversity": 0.1822,
      "trigram_diversity": 0.9049,
      "avg_tokens": 1116.6
    },
    "gen3": {
      "name": "第三代(Hybrid)",
      "doc_count": 60,
      "quality_mean": 0.5208159695068996,
      "quality_p50": 0.5199871957302094,
      "quality_p90": 0.5276364862918854,
      "unigram_diversity": 0.2039,
      "trigram_diversity": 0.9376,
      "avg_tokens": 2055.883333333333
    }
  }
}