{
  "smoke_test": {
    "raw": {
      "name": "原始数据",
      "doc_count": 500,
      "quality_mean": 0.47676228155195716,
      "quality_p50": 0.4607507437467575,
      "quality_p90": 0.6639037787914277,
      "unigram_diversity": 0.2598,
      "trigram_diversity": 0.7775,
      "trigram_unique": 163268,
      "trigram_total": 209988,
      "avg_tokens": 3879.22
    },
    "gen1": {
      "name": "第一代(Heuristic)",
      "doc_count": 437,
      "quality_mean": 0.6819262625969247,
      "quality_p50": 0.691623330116272,
      "quality_p90": 0.7965997457504272,
      "unigram_diversity": 0.1691,
      "trigram_diversity": 0.8873,
      "trigram_unique": 175626,
      "trigram_total": 197923,
      "avg_tokens": 2009.73
    },
    "gen2": {
      "name": "第二代(Model-based)",
      "doc_count": 44,
      "quality_mean": 0.7794382084499706,
      "quality_p50": 0.77899369597435,
      "quality_p90": 0.8589696109294892,
      "unigram_diversity": 0.2893,
      "trigram_diversity": 0.9486,
      "trigram_unique": 30179,
      "trigram_total": 31813,
      "avg_tokens": 991.5454545454545
    },
    "gen3": {
      "name": "第三代(Hybrid)",
      "doc_count": 293,
      "quality_mean": 0.7355142767722289,
      "quality_p50": 0.7438737154006958,
      "quality_p90": 0.823601222038269,
      "unigram_diversity": 0.1738,
      "trigram_diversity": 0.9159,
      "trigram_unique": 197458,
      "trigram_total": 215593,
      "avg_tokens": 1629.9
    }
  },
  "full_run": {
    "raw": {
      "name": "原始数据",
      "doc_count": 2000,
      "quality_mean": 0.4715486044585705,
      "quality_p50": 0.4585457891225815,
      "quality_p90": 0.6625725686550141,
      "unigram_diversity": 0.2598,
      "trigram_diversity": 0.7775,
      "trigram_unique": 163268,
      "trigram_total": 209988,
      "avg_tokens": 3879.22
    },
    "gen1": {
      "name": "第一代(Heuristic)",
      "doc_count": 3488,
      "quality_mean": 0.6824787182032789,
      "quality_p50": 0.6913149356842041,
      "quality_p90": 0.8089129865169525,
      "unigram_diversity": 0.1703,
      "trigram_diversity": 0.9022,
      "trigram_unique": 182332,
      "trigram_total": 202104,
      "avg_tokens": 1803.05
    },
    "gen2": {
      "name": "第二代(Model-based)",
      "doc_count": 349,
      "quality_mean": 0.7886851048230442,
      "quality_p50": 0.7929512858390808,
      "quality_p90": 0.8751088738441467,
      "unigram_diversity": 0.1766,
      "trigram_diversity": 0.9187,
      "trigram_unique": 172472,
      "trigram_total": 187726,
      "avg_tokens": 1554.07
    },
    "gen3": {
      "name": "第三代(Hybrid)",
      "doc_count": 2395,
      "quality_mean": 0.7409584153046936,
      "quality_p50": 0.7475317716598511,
      "quality_p90": 0.8338547468185424,
      "unigram_diversity": 0.1577,
      "trigram_diversity": 0.9145,
      "trigram_unique": 229925,
      "trigram_total": 251412,
      "avg_tokens": 1539.41
    }
  }
}