{
  "input_count": 437,
  "output_count": 44,
  "retention_rate": 0.10068649885583524,
  "top_fraction": 0.1,
  "threshold": 0.6394958734512329,
  "score_stats": {
    "mean": 0.18275257394790628,
    "p50": 0.05690782144665718,
    "p90": 0.6394958734512329
  },
  "elapsed_seconds": 3.5205037593841553,
  "score_histogram": {
    "counts": [
      147,
      56,
      20,
      25,
      17,
      16,
      7,
      8,
      8,
      8,
      5,
      3,
      8,
      5,
      8,
      5,
      2,
      1,
      3,
      2,
      5,
      5,
      1,
      4,
      3,
      4,
      4,
      4,
      3,
      4,
      0,
      1,
      3,
      5,
      3,
      2,
      3,
      0,
      4,
      4,
      2,
      6,
      0,
      2,
      3,
      1,
      0,
      1,
      3,
      3
    ],
    "bin_edges": [
      1.0000880138250068e-05,
      0.019854870509370813,
      0.039699740138603376,
      0.05954460976783594,
      0.0793894793970685,
      0.09923434902630107,
      0.11907921865553363,
      0.13892408828476618,
      0.15876895791399875,
      0.17861382754323132,
      0.1984586971724639,
      0.21830356680169644,
      0.238148436430929,
      0.2579933060601616,
      0.2778381756893941,
      0.2976830453186267,
      0.31752791494785926,
      0.3373727845770918,
      0.3572176542063244,
      0.37706252383555694,
      0.39690739346478954,
      0.4167522630940221,
      0.4365971327232546,
      0.4564420023524872,
      0.47628687198171976,
      0.4961317416109523,
      0.5159766112401849,
      0.5358214808694175,
      0.55566635049865,
      0.5755112201278826,
      0.5953560897571152,
      0.6152009593863477,
      0.6350458290155803,
      0.6548906986448129,
      0.6747355682740453,
      0.694580437903278,
      0.7144253075325105,
      0.734270177161743,
      0.7541150467909756,
      0.7739599164202082,
      0.7938047860494408,
      0.8136496556786733,
      0.8334945253079059,
      0.8533393949371385,
      0.873184264566371,
      0.8930291341956036,
      0.9128740038248362,
      0.9327188734540687,
      0.9525637430833013,
      0.9724086127125339,
      0.9922534823417664
    ]
  },
  "all_scores": [
    0.0307,
    0.0496,
    0.0582,
    0.0003,
    0.031,
    0.7269,
    0.536,
    0.6403,
    0.0048,
    0.0365,
    0.7643,
    0.0042,
    0.0098,
    0.2565,
    0.0523,
    0.0215,
    0.6775,
    0.0202,
    0.0306,
    0.0027,
    0.0238,
    0.9813,
    0.0369,
    0.0098,
    0.0224,
    0.0983,
    0.3124,
    0.324,
    0.0435,
    0.0249,
    0.4018,
    0.0717,
    0.1013,
    0.0093,
    0.6708,
    0.0297,
    0.0302,
    0.4807,
    0.0076,
    0.0167,
    0.001,
    0.0005,
    0.7889,
    0.007,
    0.0284,
    0.038,
    0.5503,
    0.0033,
    0.003,
    0.0938,
    0.0007,
    0.0702,
    0.0734,
    0.083,
    0.0077,
    0.0008,
    0.0366,
    0.1051,
    0.0015,
    0.527,
    0.0618,
    0.2879,
    0.009,
    0.7269,
    0.0038,
    0.1147,
    0.0053,
    0.0946,
    0.0225,
    0.2895,
    0.5664,
    0.0031,
    0.0318,
    0.0028,
    0.0586,
    0.1024,
    0.0026,
    0.0156,
    0.0013,
    0.0722,
    0.0017,
    0.0,
    0.5021,
    0.0363,
    0.0818,
    0.0411,
    0.0003,
    0.2836,
    0.4166,
    0.4958,
    0.8769,
    0.0252,
    0.018,
    0.196,
    0.0041,
    0.0097,
    0.0841,
    0.0612,
    0.0098,
    0.0089,
    0.2228,
    0.055,
    0.0023,
    0.074,
    0.0346,
    0.0291,
    0.0098,
    0.0004,
    0.0212,
    0.1801,
    0.675,
    0.1134,
    0.0022,
    0.0278,
    0.0042,
    0.0011,
    0.1901,
    0.0301,
    0.1303,
    0.0611,
    0.0242,
    0.2863,
    0.1659,
    0.7659,
    0.2118,
    0.0051,
    0.2578,
    0.1812,
    0.0501,
    0.0337,
    0.0005,
    0.0731,
    0.0983,
    0.0121,
    0.2769,
    0.0011,
    0.1571,
    0.8697,
    0.1898,
    0.6191,
    0.001,
    0.5593,
    0.0069,
    0.1129,
    0.0041,
    0.0019,
    0.5283,
    0.5946,
    0.0033,
    0.9882,
    0.3634,
    0.7704,
    0.0023,
    0.0005,
    0.3,
    0.032,
    0.0208,
    0.3463,
    0.0003,
    0.0652,
    0.0003,
    0.005,
    0.0187,
    0.0898,
    0.0234,
    0.0004,
    0.2743,
    0.032,
    0.7001,
    0.0027,
    0.5116,
    0.1035,
    0.0994,
    0.0174,
    0.4379,
    0.0569,
    0.0028,
    0.0369,
    0.0017,
    0.6637,
    0.0072,
    0.0402,
    0.0003,
    0.0585,
    0.0406,
    0.0975,
    0.0094,
    0.0018,
    0.0663,
    0.0266,
    0.6637,
    0.1064,
    0.0197,
    0.0019,
    0.0062,
    0.4339,
    0.0128,
    0.003,
    0.4849,
    0.0012,
    0.2928,
    0.001,
    0.0094,
    0.1639,
    0.0124,
    0.1091,
    0.134,
    0.0125,
    0.0,
    0.2527,
    0.0173,
    0.0437,
    0.0216,
    0.0523,
    0.6832,
    0.0026,
    0.0788,
    0.6553,
    0.128,
    0.024,
    0.0722,
    0.003,
    0.0006,
    0.008,
    0.1536,
    0.0126,
    0.0232,
    0.022,
    0.2756,
    0.3985,
    0.0126,
    0.0657,
    0.1358,
    0.6557,
    0.0096,
    0.008,
    0.1435,
    0.0635,
    0.0108,
    0.0178,
    0.8552,
    0.0275,
    0.0483,
    0.2147,
    0.0867,
    0.0037,
    0.2555,
    0.0184,
    0.0074,
    0.1643,
    0.2115,
    0.0369,
    0.4302,
    0.9354,
    0.7302,
    0.2187,
    0.0754,
    0.3311,
    0.823,
    0.1528,
    0.7096,
    0.5865,
    0.0944,
    0.1724,
    0.0004,
    0.0047,
    0.1575,
    0.0005,
    0.0025,
    0.0636,
    0.0195,
    0.883,
    0.183,
    0.0132,
    0.1658,
    0.0069,
    0.0045,
    0.1295,
    0.0015,
    0.0404,
    0.0013,
    0.0828,
    0.4635,
    0.9923,
    0.0045,
    0.8266,
    0.0295,
    0.027,
    0.1545,
    0.3145,
    0.0814,
    0.0198,
    0.0391,
    0.0101,
    0.0416,
    0.1457,
    0.0323,
    0.577,
    0.0571,
    0.0107,
    0.0192,
    0.1952,
    0.0023,
    0.258,
    0.7927,
    0.5211,
    0.0055,
    0.3897,
    0.0467,
    0.0073,
    0.1022,
    0.238,
    0.2042,
    0.314,
    0.0822,
    0.9576,
    0.0058,
    0.0237,
    0.0007,
    0.0128,
    0.0917,
    0.0036,
    0.5825,
    0.0184,
    0.0031,
    0.0308,
    0.3695,
    0.2898,
    0.1762,
    0.0065,
    0.0392,
    0.0029,
    0.2898,
    0.0246,
    0.0674,
    0.0062,
    0.0201,
    0.0079,
    0.0208,
    0.0003,
    0.0618,
    0.5198,
    0.0021,
    0.803,
    0.0671,
    0.0008,
    0.0015,
    0.4749,
    0.0055,
    0.8306,
    0.1436,
    0.639,
    0.8314,
    0.0,
    0.2455,
    0.1959,
    0.0009,
    0.7676,
    0.2753,
    0.0686,
    0.0324,
    0.0015,
    0.104,
    0.0051,
    0.0143,
    0.066,
    0.6501,
    0.0239,
    0.0288,
    0.016,
    0.374,
    0.1168,
    0.5742,
    0.3157,
    0.0012,
    0.9707,
    0.7797,
    0.0545,
    0.1367,
    0.0012,
    0.4321,
    0.0075,
    0.7823,
    0.0827,
    0.0004,
    0.9079,
    0.8127,
    0.0068,
    0.0127,
    0.4578,
    0.0092,
    0.3919,
    0.892,
    0.5391,
    0.0016,
    0.2091,
    0.2634,
    0.4695,
    0.8223,
    0.5086,
    0.4069,
    0.0344,
    0.0011,
    0.0903,
    0.1017,
    0.0671,
    0.1626,
    0.0641,
    0.4271,
    0.0184,
    0.0015,
    0.8216,
    0.2533,
    0.1093,
    0.5505,
    0.121,
    0.039,
    0.243,
    0.1687,
    0.42,
    0.0093,
    0.2864,
    0.0002,
    0.0031,
    0.003,
    0.5074,
    0.0775,
    0.4065,
    0.0307,
    0.1039,
    0.0082,
    0.0272,
    0.0013,
    0.0279,
    0.0015,
    0.9565,
    0.0007
  ]
}