{
  "input_count": 409,
  "output_count": 41,
  "retention_rate": 0.10024449877750612,
  "top_fraction": 0.1,
  "threshold": 0.6930823564529418,
  "score_stats": {
    "mean": 0.20011169641209625,
    "p50": 0.06213056296110153,
    "p90": 0.6930823564529418
  },
  "elapsed_seconds": 0.32207798957824707,
  "score_histogram": {
    "counts": [
      126,
      53,
      24,
      20,
      16,
      14,
      8,
      8,
      5,
      8,
      3,
      8,
      3,
      4,
      5,
      8,
      4,
      2,
      3,
      3,
      4,
      4,
      2,
      4,
      0,
      7,
      2,
      1,
      3,
      4,
      2,
      4,
      2,
      1,
      3,
      3,
      5,
      1,
      5,
      0,
      5,
      2,
      3,
      4,
      0,
      5,
      1,
      1,
      2,
      4
    ],
    "bin_edges": [
      1.0030883458966855e-05,
      0.019881571799069207,
      0.03975311271467945,
      0.05962465363028969,
      0.07949619454589993,
      0.09936773546151018,
      0.11923927637712041,
      0.13911081729273064,
      0.1589823582083409,
      0.17885389912395114,
      0.19872544003956139,
      0.2185969809551716,
      0.23846852187078185,
      0.2583400627863921,
      0.2782116037020023,
      0.2980831446176126,
      0.3179546855332228,
      0.33782622644883303,
      0.3576977673644433,
      0.37756930828005353,
      0.3974408491956638,
      0.417312390111274,
      0.43718393102688424,
      0.4570554719424945,
      0.47692701285810474,
      0.49679855377371496,
      0.5166700946893252,
      0.5365416356049355,
      0.5564131765205457,
      0.576284717436156,
      0.5961562583517662,
      0.6160277992673764,
      0.6358993401829867,
      0.6557708810985969,
      0.6756424220142071,
      0.6955139629298174,
      0.7153855038454277,
      0.7352570447610378,
      0.7551285856766481,
      0.7750001265922584,
      0.7948716675078686,
      0.8147432084234788,
      0.8346147493390891,
      0.8544862902546994,
      0.8743578311703095,
      0.8942293720859198,
      0.9141009130015301,
      0.9339724539171402,
      0.9538439948327505,
      0.9737155357483608,
      0.993587076663971
    ]
  },
  "all_scores": [
    0.0328,
    0.0544,
    0.072,
    0.0003,
    0.0322,
    0.7741,
    0.5975,
    0.6362,
    0.0051,
    0.0376,
    0.7728,
    0.0044,
    0.0112,
    0.3066,
    0.0527,
    0.0238,
    0.7065,
    0.0217,
    0.0319,
    0.0028,
    0.0256,
    0.9882,
    0.0401,
    0.01,
    0.0237,
    0.1067,
    0.3514,
    0.3282,
    0.0439,
    0.0251,
    0.4039,
    0.0714,
    0.1034,
    0.7025,
    0.0384,
    0.0293,
    0.0177,
    0.8207,
    0.0283,
    0.0379,
    0.6329,
    0.0024,
    0.0896,
    0.0006,
    0.0758,
    0.0805,
    0.0938,
    0.0008,
    0.0315,
    0.0015,
    0.5928,
    0.0704,
    0.0019,
    0.0104,
    0.7672,
    0.0309,
    0.0042,
    0.14,
    0.0051,
    0.1097,
    0.0244,
    0.622,
    0.0343,
    0.0029,
    0.0542,
    0.138,
    0.0018,
    0.0195,
    0.0013,
    0.0874,
    0.0019,
    0.0,
    0.5352,
    0.047,
    0.0895,
    0.0441,
    0.0003,
    0.2839,
    0.4165,
    0.5019,
    0.9026,
    0.0246,
    0.0189,
    0.2223,
    0.0886,
    0.0005,
    0.0106,
    0.009,
    0.2367,
    0.0611,
    0.0025,
    0.073,
    0.0317,
    0.3767,
    0.0103,
    0.0004,
    0.0233,
    0.7337,
    0.1238,
    0.027,
    0.0046,
    0.001,
    0.0327,
    0.1417,
    0.064,
    0.0244,
    0.3204,
    0.1851,
    0.7578,
    0.2451,
    0.0053,
    0.2804,
    0.1835,
    0.0535,
    0.0389,
    0.0005,
    0.1035,
    0.3101,
    0.0008,
    0.1789,
    0.9016,
    0.2151,
    0.6667,
    0.5956,
    0.0061,
    0.114,
    0.0039,
    0.529,
    0.5845,
    0.0031,
    0.9918,
    0.7988,
    0.0026,
    0.0005,
    0.3378,
    0.036,
    0.0223,
    0.3596,
    0.0002,
    0.0625,
    0.3818,
    0.0002,
    0.0201,
    0.1005,
    0.0253,
    0.0004,
    0.2923,
    0.0364,
    0.3692,
    0.0009,
    0.7011,
    0.0029,
    0.1093,
    0.1062,
    0.0193,
    0.4687,
    0.065,
    0.0026,
    0.0418,
    0.0013,
    0.7291,
    0.0079,
    0.0426,
    0.0003,
    0.0679,
    0.0398,
    0.0938,
    0.002,
    0.0261,
    0.7291,
    0.1215,
    0.021,
    0.0018,
    0.0069,
    0.4383,
    0.0135,
    0.003,
    0.5128,
    0.0009,
    0.3289,
    0.009,
    0.1696,
    0.0135,
    0.1236,
    0.1487,
    0.0127,
    0.0174,
    0.0468,
    0.0252,
    0.0527,
    0.7176,
    0.002,
    0.0889,
    0.6885,
    0.1401,
    0.0267,
    0.0788,
    0.0005,
    0.0082,
    0.0135,
    0.0249,
    0.0194,
    0.2991,
    0.4205,
    0.0108,
    0.072,
    0.1857,
    0.0002,
    0.6886,
    0.0092,
    0.0072,
    0.1583,
    0.0621,
    0.0202,
    0.8962,
    0.0298,
    0.0495,
    0.2445,
    0.085,
    0.2955,
    0.0191,
    0.0081,
    0.1817,
    0.231,
    0.0401,
    0.9145,
    0.4969,
    0.0176,
    0.9501,
    0.0356,
    0.7613,
    0.2222,
    0.0835,
    0.3894,
    0.8269,
    0.7548,
    0.6438,
    0.1043,
    0.1858,
    0.0004,
    0.1762,
    0.0005,
    0.0807,
    0.0624,
    0.0222,
    0.2107,
    0.0136,
    0.1772,
    0.0084,
    0.0005,
    0.0036,
    0.0046,
    0.1555,
    0.0441,
    0.0016,
    0.0908,
    0.9936,
    0.0046,
    0.8685,
    0.0304,
    0.0296,
    0.0008,
    0.1672,
    0.3894,
    0.0782,
    0.0207,
    0.0439,
    0.008,
    0.0509,
    0.1639,
    0.0445,
    0.6185,
    0.0585,
    0.011,
    0.0218,
    0.2221,
    0.0024,
    0.2642,
    0.8128,
    0.5779,
    0.0051,
    0.398,
    0.0006,
    0.0513,
    0.0072,
    0.1184,
    0.2531,
    0.2243,
    0.3098,
    0.0836,
    0.9671,
    0.0057,
    0.0267,
    0.0007,
    0.0121,
    0.1031,
    0.0037,
    0.617,
    0.0217,
    0.0032,
    0.033,
    0.4056,
    0.3171,
    0.2127,
    0.007,
    0.0033,
    0.3171,
    0.0263,
    0.0723,
    0.0059,
    0.0184,
    0.0077,
    0.0208,
    0.0003,
    0.0666,
    0.5588,
    0.0021,
    0.8026,
    0.074,
    0.0006,
    0.0015,
    0.4993,
    0.0061,
    0.8627,
    0.7161,
    0.8654,
    0.0035,
    0.0,
    0.2626,
    0.2314,
    0.0007,
    0.8077,
    0.3149,
    0.0816,
    0.036,
    0.1071,
    0.005,
    0.0143,
    0.063,
    0.6911,
    0.0263,
    0.03,
    0.0177,
    0.4249,
    0.1294,
    0.8686,
    0.6099,
    0.313,
    0.9809,
    0.8063,
    0.0,
    0.0575,
    0.1423,
    0.0012,
    0.4713,
    0.0076,
    0.1453,
    0.0839,
    0.0003,
    0.9139,
    0.8449,
    0.0069,
    0.0135,
    0.5113,
    0.0092,
    0.4249,
    0.9116,
    0.5078,
    0.0195,
    0.0018,
    0.2305,
    0.2737,
    0.5087,
    0.8413,
    0.5614,
    0.4609,
    0.0401,
    0.001,
    0.1105,
    0.1104,
    0.074,
    0.1924,
    0.4301,
    0.0188,
    0.84,
    0.2933,
    0.1248,
    0.5746,
    0.1244,
    0.0421,
    0.2719,
    0.1856,
    0.4653,
    0.3271,
    0.0002,
    0.0032,
    0.0029,
    0.5387,
    0.0875,
    0.4473,
    0.0314,
    0.1194,
    0.0086,
    0.0313,
    0.0011,
    0.0255,
    0.0015,
    0.9677,
    0.0006
  ]
}